ProjID,market,leaseup_months,stabilized,Name,Submarket,Quantity,AreaPerUnit,occ_velocity,concession_burn_rate,rent_gap_vs_submarket,grade_score,delivery_era,delivery_season,log_quantity,season_enc,era_enc,market_enc
10255043,"Austin-Round Rock, TX",4.0,True,22 North Apartments,Cedar Park,240,1098,0.04033333333333333,-0.0415050426687355,-158.0,6.0,Expansion,Spring,5.480638923341991,0,2,1
19148,"Austin-Round Rock, TX",12.0,True,3500 Westlake,Southwest Austin,175,1155,0.04966666666666667,0.020821085635900415,711.5,3.0,Pre-GFC,Spring,5.1647859739235145,0,0,1
48136,"Austin-Round Rock, TX",15.0,True,422 At The Lake,South Austin,207,816,0.082,-0.003521632579640414,676.0,1.0,Expansion,Spring,5.332718793265369,0,2,1
19625,"Austin-Round Rock, TX",8.0,True,5th Street Commons,Downtown/University,150,864,0.07533333333333332,-0.005320637057005775,4.0,4.0,Pre-GFC,Winter,5.0106352940962555,3,0,1
53901,"Austin-Round Rock, TX",13.0,True,7East,East Austin,186,750,0.051333333333333335,-0.002870071662317253,696.0,1.0,Expansion,Summer,5.225746673713202,1,2,1
37301,"Austin-Round Rock, TX",13.0,True,95 Twenty,Cedar Park,334,924,0.07200000000000001,-0.0003632225042146771,79.0,1.0,Recovery,Summer,5.811140992976701,1,1,1
27065,"Austin-Round Rock, TX",8.0,True,Agave at South Congress,Far South Austin,195,934,0.056333333333333326,0.011715296198054824,355.0,1.0,Recovery,Spring,5.272999558563747,0,1,1
91974,"Austin-Round Rock, TX",,False,Alexan Garza Ranch,Southwest Austin,370,878,0.06133333333333333,0.00040640500582349765,17.5,,Expansion,Fall,5.91350300563827,2,2,1
91008,"Austin-Round Rock, TX",7.0,True,Altair Tech Ridge,North Central Austin,230,950,0.07233333333333333,-0.007912339439433015,278.5,3.0,Expansion,Winter,5.438079308923196,3,2,1
46261,"Austin-Round Rock, TX",20.0,True,Altis Lakeline,Cedar Park,354,985,0.04566666666666667,0.0033999204096806963,184.0,4.0,Expansion,Fall,5.869296913133774,2,2,1
19410,"Austin-Round Rock, TX",19.0,True,AMLI 300,Downtown/University,154,973,0.06733333333333334,0.008714883757668318,550.0,2.0,Pre-GFC,Spring,5.0369526024136295,0,0,1
34139,"Austin-Round Rock, TX",5.0,True,AMLI 5350,Near North Austin,175,832,0.0040000000000000036,-0.003965942812768658,573.0,1.0,Recovery,Spring,5.1647859739235145,0,1,1
38303,"Austin-Round Rock, TX",9.0,True,AMLI at Mueller,East Austin,280,819,0.11633333333333333,-3.854941057726238e-19,600.0,1.0,Expansion,Spring,5.634789603169249,0,2,1
60618,"Austin-Round Rock, TX",16.0,True,AMLI Covered Bridge,Southwest Austin,360,981,0.030666666666666665,0.004212049012933969,168.0,3.0,Expansion,Fall,5.886104031450156,2,2,1
18255,"Austin-Round Rock, TX",16.0,True,AMLI Eastside,East Austin,290,956,0.013666666666666641,0.010429638854296375,982.0,1.0,Pre-GFC,Spring,5.66988092298052,0,0,1
19035,"Austin-Round Rock, TX",5.0,True,AMLI on 2ND,Downtown/University,231,898,0.09499999999999997,0.016626389560174003,1017.0,1.0,Pre-GFC,Spring,5.442417710521793,0,0,1
64806,"Austin-Round Rock, TX",11.0,True,AMLI on Aldrich,East Austin,318,1006,0.03,0.0055085110330894225,984.0,1.0,Expansion,Fall,5.762051382780177,2,2,1
34038,"Austin-Round Rock, TX",19.0,True,AMLI South Shore,Riverside,375,887,0.02666666666666667,-0.0043827889782385,647.0,1.0,Recovery,Spring,5.926926025970411,0,1,1
82358,"Austin-Round Rock, TX",,False,AMLI South Shore II,Riverside,68,1249,0.0,0.0127227553118575,1420.0,,COVID,Summer,4.219507705176107,1,3,1
53644,"Austin-Round Rock, TX",8.0,True,Anatole at Westinghouse,Round Rock/Georgetown,250,879,0.06666666666666667,0.0,98.0,3.0,Expansion,Summer,5.521460917862246,1,2,1
10253510,"Austin-Round Rock, TX",,False,Anthem at Ledge Stone,Southwest Austin,292,933,0.03766666666666667,0.0031391444006424333,55.0,,Expansion,Winter,5.676753802268282,3,2,1
53307,"Austin-Round Rock, TX",17.0,True,Arrington Ridge,Round Rock/Georgetown,312,977,0.08,-0.003871211900928977,6.0,2.0,Expansion,Winter,5.7430031878094825,3,2,1
44494,"Austin-Round Rock, TX",22.0,True,Ascent Arboretum,Arboretum,330,809,0.027,-0.0031317108088761638,434.0,1.0,Expansion,Winter,5.799092654460526,3,2,1
26436,"Austin-Round Rock, TX",13.0,True,Ashton Austin,Downtown/University,259,1320,0.03866666666666666,0.007635290909541631,1440.5,5.0,Recovery,Fall,5.556828061699537,2,1,1
57105,"Austin-Round Rock, TX",10.0,True,Aura 33Hundred,Pflugerville/Wells Branch,348,880,0.10933333333333334,-0.00238007486929464,156.0,3.0,Expansion,Summer,5.8522024797744745,1,2,1
79221,"Austin-Round Rock, TX",,False,Aura Riverside,Riverside,368,958,0.06266666666666666,0.00016302971549129918,1098.0,,Expansion,Summer,5.908082938168931,1,2,1
19145,"Austin-Round Rock, TX",16.0,True,Autumn Ranch on Swenson Farms,Pflugerville/Wells Branch,336,1041,0.06033333333333332,-0.008506274131274125,151.0,1.0,Pre-GFC,Spring,5.817111159963204,0,0,1
19373,"Austin-Round Rock, TX",25.0,True,Avanti Hills at the Galleria,Southwest Austin,309,949,0.04733333333333334,0.0032340880047302,197.5,2.0,Pre-GFC,Spring,5.733341276897746,0,0,1
52711,"Austin-Round Rock, TX",19.0,True,Azul Lakeshore,Riverside,295,776,0.04833333333333333,0.003864242279004284,606.5,1.0,Expansion,Fall,5.68697535633982,2,2,1
58032,"Austin-Round Rock, TX",13.0,True,Bartz Ranch,Round Rock/Georgetown,296,1042,0.06866666666666667,-6.31345673344155e-05,239.5,2.0,Expansion,Summer,5.69035945432406,1,2,1
52209,"Austin-Round Rock, TX",24.0,True,Bell at Four Points,Far West Austin,344,1016,0.006666666666666672,-5.782411586589357e-19,433.0,1.0,Expansion,Spring,5.840641657373398,0,2,1
19962,"Austin-Round Rock, TX",9.0,True,Bell at Teravista,Round Rock/Georgetown,318,920,0.023000000000000003,0.003163076962861777,62.5,3.0,Recovery,Spring,5.762051382780177,0,1,1
35687,"Austin-Round Rock, TX",8.0,True,Bell Austin Southwest,Southwest Austin,272,908,0.06733333333333334,0.0,130.0,3.0,Recovery,Winter,5.605802066295998,3,1,1
26420,"Austin-Round Rock, TX",5.0,True,Bell Hill Country,Southwest Austin,276,968,0.03733333333333333,-0.0289982425307558,94.0,6.0,Recovery,Winter,5.62040086571715,3,1,1
43125,"Austin-Round Rock, TX",5.0,True,Bell Quarry Hill,Southwest Austin,148,872,0.16899999999999996,0.0,124.5,2.0,Recovery,Fall,4.997212273764115,2,1,1
37407,"Austin-Round Rock, TX",31.0,True,Bell South Lamar,South Austin,357,865,0.057,-0.0022864546615094417,408.0,3.0,Expansion,Winter,5.877735781779639,3,2,1
86202,"Austin-Round Rock, TX",12.0,True,Bell Southpark,Far South Austin,330,870,0.10099999999999999,0.0,189.0,1.0,Expansion,Winter,5.799092654460526,3,2,1
38381,"Austin-Round Rock, TX",14.0,True,Bell Steiner Ranch,Far West Austin,302,1079,0.044000000000000004,-0.0022985855603518787,380.0,1.0,Expansion,Spring,5.71042701737487,0,2,1
45569,"Austin-Round Rock, TX",12.0,True,Belterra Springs,Southwest Austin,152,950,0.09399999999999999,0.0,117.0,4.0,Expansion,Summer,5.0238805208462765,1,2,1
50902,"Austin-Round Rock, TX",12.0,True,Berkshire Lakeway,Southwest Austin,350,1073,0.05033333333333334,0.0,249.5,4.0,Expansion,Summer,5.857933154483459,1,2,1
45127,"Austin-Round Rock, TX",13.0,True,Bexley 3Five,Southeast Austin,338,916,0.013666666666666667,0.0023736591521826386,309.0,1.0,Expansion,Winter,5.823045895483019,3,2,1
19170,"Austin-Round Rock, TX",13.0,True,Bexley at Silverado,Cedar Park,300,972,0.003333333333333336,-0.006435493640218047,135.0,3.0,Pre-GFC,Spring,5.703782474656201,0,0,1
47606,"Austin-Round Rock, TX",9.0,True,Bexley at Tech Ridge,North Central Austin,342,927,0.06533333333333331,0.0,204.0,2.0,Recovery,Fall,5.834810737062605,2,1,1
47574,"Austin-Round Rock, TX",15.0,True,Bexley at Whitestone,Cedar Park,340,1047,0.03833333333333334,-0.004006535154546968,122.0,5.0,Expansion,Fall,5.8289456176102075,2,2,1
42731,"Austin-Round Rock, TX",11.0,True,Bexley Lakeline,Cedar Park,344,888,0.04066666666666667,0.0,58.5,3.0,Expansion,Summer,5.840641657373398,1,2,1
81450,"Austin-Round Rock, TX",24.0,True,Bexley Wolf Ranch,Round Rock/Georgetown,332,927,0.028999999999999998,0.0033344931570401287,271.0,2.0,Expansion,Summer,5.805134968916488,1,2,1
82239,"Austin-Round Rock, TX",10.0,True,Biltmore at the Park,Pflugerville/Wells Branch,254,838,0.07600000000000001,-0.004149038991893078,-58.0,7.0,Expansion,Summer,5.537334267018537,1,2,1
45204,"Austin-Round Rock, TX",6.0,True,Blanco River Lodge,San Marcos,186,847,0.07533333333333334,9.904781798874991e-05,196.0,1.0,Recovery,Spring,5.225746673713202,0,1,1
52374,"Austin-Round Rock, TX",13.0,True,Broadstone 8 One Hundred,Northwest Austin,376,807,0.07433333333333332,-0.0020243514219417847,47.0,2.0,Expansion,Summer,5.929589143389895,1,2,1
26404,"Austin-Round Rock, TX",12.0,True,Broadstone Grand Avenue,Pflugerville/Wells Branch,280,833,0.03333333333333336,0.004318806438947785,270.5,1.0,Recovery,Fall,5.634789603169249,2,1,1
26391,"Austin-Round Rock, TX",2.0,True,Broadstone Travesia,Pflugerville/Wells Branch,396,885,0.00833333333333334,0.003188097768331565,138.5,1.0,Recovery,Summer,5.981414211254481,1,1,1
45066,"Austin-Round Rock, TX",9.0,True,Burnet Flats,Near North Austin,185,790,0.09699999999999999,0.0,448.5,1.0,Expansion,Spring,5.220355825078324,0,2,1
10087244,"Austin-Round Rock, TX",,False,Caliza,Cedar Park,270,940,0.024666666666666667,-3.878697800549965e-05,9.0,,Expansion,Winter,5.598421958998375,3,2,1
19776,"Austin-Round Rock, TX",11.0,True,Camden Brushy Creek,Cedar Park,272,883,0.10666666666666667,0.005031227113998637,8.5,6.0,Pre-GFC,Summer,5.605802066295998,1,0,1
19551,"Austin-Round Rock, TX",14.0,True,Camden Cedar Hills,Southwest Austin,208,911,0.09466666666666666,-0.005967922417008579,69.5,1.0,Pre-GFC,Spring,5.337538079701318,0,0,1
43357,"Austin-Round Rock, TX",2.0,True,Camden La Frontera,Round Rock/Georgetown,300,901,0.07333333333333332,-0.00198584367129867,155.0,1.0,Expansion,Spring,5.703782474656201,0,2,1
34951,"Austin-Round Rock, TX",11.0,True,Camden Lamar Heights,Near North Austin,314,838,0.05566666666666667,3.154042683594195e-19,483.0,1.0,Expansion,Summer,5.749392985908253,1,2,1
49990,"Austin-Round Rock, TX",15.0,True,Camden Rainey,Downtown/University,326,873,0.09033333333333332,-0.0018345550740371868,271.5,2.0,Expansion,Summer,5.786897381366708,1,2,1
37576,"Austin-Round Rock, TX",12.0,True,Century Stone Hill,Pflugerville/Wells Branch,370,953,0.056,0.0,250.5,1.0,Recovery,Fall,5.91350300563827,2,1,1
71860,"Austin-Round Rock, TX",29.0,True,Century Travesia,Pflugerville/Wells Branch,445,1015,0.03133333333333333,0.0,289.0,2.0,Expansion,Winter,6.09807428216624,3,2,1
80662,"Austin-Round Rock, TX",31.0,True,Cielo,Southwest Austin,554,997,0.049666666666666665,0.0001068613274145962,361.5,5.0,Recovery,Summer,6.317164686747284,1,1,1
10252099,"Austin-Round Rock, TX",,False,Citadel at Tech Ridge,North Central Austin,308,863,0.10299999999999998,-0.0009146963085305664,186.0,,COVID,Spring,5.730099782973574,0,3,1
20685,"Austin-Round Rock, TX",15.0,True,City North at Sunrise Ranch,Round Rock/Georgetown,384,949,0.08,-0.0015564419502964665,30.5,6.0,Recovery,Spring,5.950642552587727,0,1,1
41571,"Austin-Round Rock, TX",11.0,True,Coldwater,South Austin,225,882,0.06366666666666666,-0.0003747794480161273,1009.0,1.0,Expansion,Fall,5.41610040220442,2,2,1
26406,"Austin-Round Rock, TX",5.0,True,Cole,South Austin,119,1081,0.08966666666666667,-0.02816072217258788,941.5,1.0,Recovery,Fall,4.77912349311153,2,1,1
18272,"Austin-Round Rock, TX",14.0,True,Colonial Grand at Ashton Oaks,Round Rock/Georgetown,362,849,0.06999999999999999,-0.0010514471669140215,234.0,4.0,Pre-GFC,Fall,5.8916442118257715,2,0,1
34037,"Austin-Round Rock, TX",10.0,True,Colonial Grand at Double Creek,Far South Austin,296,939,0.08666666666666667,-0.00307692307692308,85.0,3.0,Recovery,Fall,5.69035945432406,2,1,1
19124,"Austin-Round Rock, TX",11.0,True,Colonial Grand at Onion Creek,Far South Austin,300,1042,0.09666666666666666,0.0004721060409058998,203.0,1.0,Pre-GFC,Spring,5.703782474656201,0,0,1
19624,"Austin-Round Rock, TX",8.0,True,Colonial Grand at Wells Branch,Pflugerville/Wells Branch,336,933,0.04666666666666667,0.009398621424528013,168.0,4.0,Pre-GFC,Winter,5.817111159963204,3,0,1
66090,"Austin-Round Rock, TX",39.0,True,Concord,Southeast Austin,346,1019,-0.013333333333333327,-0.0019723865877712024,282.0,1.0,Expansion,Summer,5.846438775057725,1,2,1
37409,"Austin-Round Rock, TX",19.0,True,Corazon,East Austin,256,832,0.068,0.004326372997711669,567.0,2.0,Expansion,Winter,5.545177444479562,3,2,1
49698,"Austin-Round Rock, TX",15.0,True,Cordevalle Apartments,Round Rock/Georgetown,280,788,0.063,0.0,24.0,1.0,Expansion,Spring,5.634789603169249,0,2,1
44461,"Austin-Round Rock, TX",11.0,True,Cortland Onion Creek,Far South Austin,276,828,0.081,0.003209570445670363,108.0,3.0,Expansion,Fall,5.62040086571715,2,2,1
19836,"Austin-Round Rock, TX",20.0,True,Cortland Southpark Estates II,Far South Austin,426,879,0.03000000000000001,0.0052403571701680005,102.0,4.0,Recovery,Spring,6.054439346269371,0,1,1
19837,"Austin-Round Rock, TX",20.0,True,Cortland Southpark Terraces,Far South Austin,244,926,0.031666666666666676,0.005240549828178698,214.0,4.0,Recovery,Spring,5.497168225293202,0,1,1
66166,"Austin-Round Rock, TX",1.0,True,Creekside at Kenney`s Fort,Round Rock/Georgetown,250,869,-0.13599999999999998,0.0,13.0,4.0,Expansion,Fall,5.521460917862246,2,2,1
70694,"Austin-Round Rock, TX",25.0,True,Creekside on Parmer Lane,East Austin,300,967,0.05666666666666667,-0.003076923076923076,89.0,5.0,Expansion,Summer,5.703782474656201,1,2,1
19965,"Austin-Round Rock, TX",11.0,True,Crescent,South Austin,157,699,0.08299999999999999,-0.0008984425656115102,590.0,1.0,Pre-GFC,Summer,5.056245805348308,1,0,1
41406,"Austin-Round Rock, TX",12.0,True,Crest at Round Rock,Round Rock/Georgetown,224,778,0.031333333333333324,0.011154855643044583,169.5,1.0,Recovery,Fall,5.4116460518550396,2,1,1
42294,"Austin-Round Rock, TX",6.0,True,Crestview Commons,Near North Austin,353,826,0.04933333333333334,-0.0015916577515954998,299.0,1.0,Expansion,Winter,5.8664680569332965,3,2,1
70636,"Austin-Round Rock, TX",,False,Davies Ranch,East Austin,360,1000,0.016666666666666666,-3.20052792213199e-05,36.0,,COVID,Spring,5.886104031450156,0,3,1
35677,"Austin-Round Rock, TX",14.0,True,District at SoCo,South Austin,215,915,0.05733333333333334,0.0013617231988115855,840.0,2.0,Recovery,Summer,5.3706380281276624,1,1,1
66089,"Austin-Round Rock, TX",12.0,True,E6,East Austin,208,820,0.037333333333333336,-0.0034187418675391754,727.0,2.0,Expansion,Winter,5.337538079701318,3,2,1
72166,"Austin-Round Rock, TX",,False,East Vue Ranch,Riverside,342,815,0.021333333333333333,0.0022835488964392595,311.0,,Expansion,Fall,5.834810737062605,2,2,1
56313,"Austin-Round Rock, TX",29.0,True,Eastside Station,East Austin,330,775,-0.001,-0.0005323650862964625,795.0,1.0,Expansion,Winter,5.799092654460526,3,2,1
44001,"Austin-Round Rock, TX",8.0,True,Echo,Near North Austin,274,880,0.05599999999999997,-0.015634395670475,426.0,1.0,Expansion,Winter,5.6131281063880705,3,2,1
86303,"Austin-Round Rock, TX",16.0,True,Edgewater,Pflugerville/Wells Branch,326,785,0.134,-0.004840225563909775,78.5,1.0,Expansion,Summer,5.786897381366708,1,2,1
82302,"Austin-Round Rock, TX",12.0,True,Edison,Riverside,354,956,0.064,0.00609756097560975,668.5,2.0,Expansion,Winter,5.869296913133774,3,2,1
42296,"Austin-Round Rock, TX",11.0,True,Elan East,East Austin,251,728,0.050666666666666665,-0.00703125,310.0,1.0,Expansion,Spring,5.5254529391317835,0,2,1
59175,"Austin-Round Rock, TX",16.0,True,Elan Parkside I,North Central Austin,255,878,0.041666666666666664,-0.0006463879846683564,583.0,1.0,Expansion,Fall,5.541263545158426,2,2,1
37272,"Austin-Round Rock, TX",12.0,True,Eleven,East Austin,257,797,0.059666666666666666,0.0,867.0,1.0,Recovery,Fall,5.54907608489522,2,1,1
86205,"Austin-Round Rock, TX",17.0,True,Enclave Falcon Pointe,Pflugerville/Wells Branch,324,950,0.065,-0.006226394536666034,45.0,3.0,Expansion,Winter,5.780743515792329,3,2,1
70684,"Austin-Round Rock, TX",12.0,True,Estancia Villas,Far South Austin,312,837,0.06066666666666667,0.0,26.0,5.0,Expansion,Spring,5.7430031878094825,0,2,1
38849,"Austin-Round Rock, TX",36.0,True,Estates at Bee Cave,Southwest Austin,316,973,0.028333333333333335,0.0021481481481481503,133.0,5.0,Expansion,Summer,5.755742213586912,1,2,1
10254214,"Austin-Round Rock, TX",,False,Estraya Georgetown,Round Rock/Georgetown,270,925,0.037333333333333336,1.043478748050016e-05,154.5,,Expansion,Summer,5.598421958998375,1,2,1
43844,"Austin-Round Rock, TX",14.0,True,Ethos Apartments,Southeast Austin,370,897,0.0,0.0023080660835762858,355.0,1.0,Expansion,Winter,5.91350300563827,3,2,1
70690,"Austin-Round Rock, TX",12.0,True,Farmhouse,Southeast Austin,235,855,0.11766666666666668,0.002733380002791417,70.0,1.0,Expansion,Summer,5.459585514144159,1,2,1
87387,"Austin-Round Rock, TX",,False,FiveTwo at Highland,North Central Austin,390,888,0.028999999999999998,0.006828781459973892,724.0,,COVID,Spring,5.966146739123692,0,3,1
79461,"Austin-Round Rock, TX",,False,Flatiron Domain,North Central Austin,364,826,0.024000000000000004,-0.0007477567298105724,973.0,1.0,Expansion,Spring,5.8971538676367405,0,2,1
71391,"Austin-Round Rock, TX",9.0,True,Flora,Near North Austin,194,755,0.07366666666666667,0.0005223490784269773,387.5,2.0,Expansion,Winter,5.267858159063328,3,2,1
34164,"Austin-Round Rock, TX",14.0,True,Fox Hill,Southwest Austin,288,1066,-0.054,-0.0006665995564229438,77.0,7.0,Recovery,Spring,5.662960480135946,0,1,1
37791,"Austin-Round Rock, TX",10.0,True,Gables Park Tower,Downtown/University,223,1006,0.05233333333333334,0.00162162162162162,1022.0,1.0,Expansion,Winter,5.407171771460119,3,2,1
35651,"Austin-Round Rock, TX",,False,Gables Republic Square,Downtown/University,221,967,0.04833333333333333,0.00125511956665345,1197.5,,Expansion,Fall,5.3981627015177525,2,2,1
59808,"Austin-Round Rock, TX",4.0,True,Gallery at Domain,North Central Austin,316,785,0.10866666666666665,-0.02081922816519975,477.0,1.0,Expansion,Summer,5.755742213586912,1,2,1
91009,"Austin-Round Rock, TX",11.0,True,Gallery at Domain Edge and Parkside,North Central Austin,587,778,0.059666666666666666,0.0,692.0,1.0,Expansion,Winter,6.375024819828097,3,2,1
36483,"Austin-Round Rock, TX",12.0,True,Gibson Flats,South Austin,202,778,0.024333333333333332,0.0,643.0,1.0,Recovery,Fall,5.308267697401205,2,1,1
66159,"Austin-Round Rock, TX",13.0,True,Griffis at Riata,Northwest Austin,307,931,0.09233333333333332,0.0,347.5,1.0,Expansion,Spring,5.726847747587197,0,2,1
19841,"Austin-Round Rock, TX",5.0,True,Griffis Southpark,Southeast Austin,328,907,0.043666666666666666,6.736713389640103e-05,151.5,1.0,Pre-GFC,Winter,5.793013608384144,3,0,1
86194,"Austin-Round Rock, TX",15.0,True,Groves South Lamar,South Austin,307,776,0.043333333333333335,-0.005037202809761337,208.5,3.0,Expansion,Summer,5.726847747587197,1,2,1
10262616,"Austin-Round Rock, TX",,False,Hawthorne at Blanco Riverwalk,San Marcos,252,982,-0.048,-0.0067008652216083014,167.0,,COVID,Summer,5.529429087511423,1,3,1
71730,"Austin-Round Rock, TX",11.0,True,Hays Junction I,San Marcos,207,772,0.11266666666666668,-0.0028790786948176546,90.0,4.0,Expansion,Summer,5.332718793265369,1,2,1
86196,"Austin-Round Rock, TX",9.0,True,Hays Junction II,San Marcos,102,828,0.013333333333333345,0.0012813967365984892,243.0,4.0,Expansion,Fall,4.624972813284271,2,2,1
90323,"Austin-Round Rock, TX",,False,Hermosa Village,Cedar Park,238,1010,0.04066666666666667,0.002499996844683327,126.0,,Expansion,Fall,5.472270673671475,2,2,1
52258,"Austin-Round Rock, TX",7.0,True,HighLine,Northwest Austin,256,890,0.10133333333333334,0.0,145.5,3.0,Expansion,Winter,5.545177444479562,3,2,1
70346,"Austin-Round Rock, TX",,False,Hollybrook Ranch,Round Rock/Georgetown,336,1069,0.021666666666666664,-4.2485565207366537e-05,121.0,,COVID,Spring,5.817111159963204,0,3,1
10255580,"Austin-Round Rock, TX",5.0,True,Hunters Crossing Apartments,Southeast Austin,182,833,0.19600000000000004,0.0,17.0,4.0,Expansion,Spring,5.204006687076795,0,2,1
37329,"Austin-Round Rock, TX",4.0,True,IMT at The Domain,North Central Austin,228,891,0.19999999999999998,0.0,613.0,1.0,Recovery,Summer,5.429345628954441,1,1,1
44462,"Austin-Round Rock, TX",10.0,True,IMT Southpark North,Far South Austin,286,857,0.078,-0.004106073567151409,111.5,1.0,Recovery,Fall,5.655991810819852,2,1,1
44464,"Austin-Round Rock, TX",17.0,True,IMT Southpark South,Far South Austin,283,859,0.049666666666666665,-0.0036536353671903533,90.0,2.0,Expansion,Winter,5.645446897643238,3,2,1
71149,"Austin-Round Rock, TX",9.0,True,Indie,East Austin,139,410,-0.13933333333333334,-0.004224418851305722,192.5,1.0,Expansion,Winter,4.9344739331306915,3,2,1
38377,"Austin-Round Rock, TX",11.0,True,Indigo,Cedar Park,325,908,0.10133333333333333,-0.002713704206241518,106.5,1.0,Recovery,Spring,5.783825182329737,0,1,1
44496,"Austin-Round Rock, TX",16.0,True,James on South First,Far South Austin,250,905,0.07866666666666666,0.002050781250000001,104.5,2.0,Expansion,Summer,5.521460917862246,1,2,1
44456,"Austin-Round Rock, TX",11.0,True,Kenzie at the Domain,North Central Austin,279,851,0.059666666666666666,0.0028696051423324183,653.0,1.0,Expansion,Winter,5.631211781821365,3,2,1
41412,"Austin-Round Rock, TX",6.0,True,La Frontera Square,Round Rock/Georgetown,412,846,0.02199999999999998,-0.02580645161290317,72.0,1.0,Recovery,Spring,6.021023349349527,0,1,1
36480,"Austin-Round Rock, TX",9.0,True,Ladera,Far South Austin,311,876,0.06566666666666666,-0.005064599483204133,62.5,1.0,Recovery,Fall,5.739792912179234,2,1,1
71736,"Austin-Round Rock, TX",14.0,True,Lakeline Crossing I,Cedar Park,301,863,0.08433333333333333,-0.004586028215893214,-89.0,4.0,Expansion,Summer,5.707110264748875,1,2,1
71738,"Austin-Round Rock, TX",,False,Lakeline Crossing II,Cedar Park,203,836,0.06149999999999997,0.00998868747811565,14.5,,COVID,Summer,5.313205979041787,1,3,1
38376,"Austin-Round Rock, TX",11.0,True,Lakeline East,Cedar Park,348,860,0.07666666666666667,0.0,115.5,1.0,Recovery,Fall,5.8522024797744745,2,1,1
36484,"Austin-Round Rock, TX",27.0,True,Lamar Union,South Austin,442,817,0.03166666666666667,-0.00047691430551526597,639.0,1.0,Expansion,Fall,6.091309882077698,2,2,1
53330,"Austin-Round Rock, TX",8.0,True,Landmark Conservancy,Southwest Austin,240,832,0.09733333333333334,-0.005061983471074375,-51.0,4.0,Expansion,Winter,5.480638923341991,3,2,1
86185,"Austin-Round Rock, TX",21.0,True,Lantower Ambrosio,Pflugerville/Wells Branch,370,753,0.043333333333333335,-0.0013371178043166069,12.0,3.0,Expansion,Fall,5.91350300563827,2,2,1
57279,"Austin-Round Rock, TX",16.0,True,Lantower Tech Ridge,Pflugerville/Wells Branch,375,726,0.08966666666666667,0.0011824324324324312,-43.0,1.0,Expansion,Spring,5.926926025970411,0,2,1
20040,"Austin-Round Rock, TX",19.0,True,Las Brisas Luxury Apartment Homes,Round Rock/Georgetown,414,990,0.08933333333333333,-0.0006433854011209471,169.5,4.0,Recovery,Spring,6.025865973825314,0,1,1
64775,"Austin-Round Rock, TX",22.0,True,Latitude at Presidio,Cedar Park,337,1018,0.052333333333333336,-0.0017494306098486774,284.0,2.0,Expansion,Winter,5.820082930352362,3,2,1
10258133,"Austin-Round Rock, TX",,False,Leander Junction,Cedar Park,288,793,0.066,0.019521329576822996,-91.0,,COVID,Summer,5.662960480135946,1,3,1
33925,"Austin-Round Rock, TX",13.0,True,Legends Lakeline,Cedar Park,222,965,0.066,-0.0027525168508865682,245.0,1.0,Recovery,Winter,5.402677381872279,3,1,1
65626,"Austin-Round Rock, TX",12.0,True,Lenox Boardwalk,Riverside,338,816,0.034333333333333334,-0.0013328904756926333,538.0,1.0,Expansion,Fall,5.823045895483019,2,2,1
82401,"Austin-Round Rock, TX",,False,Lenox Ridge,Northwest Austin,350,904,0.06566666666666666,0.00347338131085788,267.5,,Expansion,Fall,5.857933154483459,2,2,1
91541,"Austin-Round Rock, TX",,False,Lenox SOCO,Far South Austin,300,832,0.09666666666666668,0.0006250438873673991,102.0,,COVID,Spring,5.703782474656201,0,3,1
76201,"Austin-Round Rock, TX",12.0,True,Lenox Springs I,Far South Austin,400,825,0.05100000000000001,0.0,107.0,2.0,Expansion,Fall,5.991464547107982,2,2,1
10261515,"Austin-Round Rock, TX",,False,Linea Stillwater,Round Rock/Georgetown,230,1534,0.03333333333333333,-0.0118439716312058,306.5,,COVID,Spring,5.438079308923196,0,3,1
53642,"Austin-Round Rock, TX",12.0,True,Lone Oak,Round Rock/Georgetown,304,986,0.08533333333333333,-0.003438688908399183,123.5,2.0,Expansion,Summer,5.717027701406222,1,2,1
36477,"Austin-Round Rock, TX",10.0,True,Lotus Village,North Central Austin,222,922,0.08233333333333333,-0.00169491525423728,266.5,4.0,Recovery,Summer,5.402677381872279,1,1,1
10263165,"Austin-Round Rock, TX",,False,Mansions at Onion Creek,Southeast Austin,434,942,0.06899999999999999,-0.035327368092622394,164.5,,COVID,Summer,6.073044534100405,1,3,1
10258176,"Austin-Round Rock, TX",,False,Mariposa Flats,Riverside,122,566,0.043666666666666666,0.013562091503267981,67.5,,COVID,Spring,4.804021044733257,0,3,1
51760,"Austin-Round Rock, TX",16.0,True,Marq on Burnet,Near North Austin,343,747,0.07466666666666667,-0.001833180924654125,369.5,1.0,Expansion,Summer,5.8377304471659395,1,2,1
58357,"Austin-Round Rock, TX",11.0,True,Marq Uptown,Downtown/University,265,877,0.09299999999999999,0.0,-65.0,6.0,Expansion,Spring,5.579729825986222,0,2,1
19960,"Austin-Round Rock, TX",13.0,True,Marquis at Canyon Ridge,East Austin,264,880,0.07333333333333333,-4.820206304829988e-05,200.0,5.0,Pre-GFC,Summer,5.575949103146316,1,0,1
58950,"Austin-Round Rock, TX",8.0,True,Marquis at Star Ranch,Round Rock/Georgetown,402,1026,0.04133333333333333,0.0,246.0,1.0,Recovery,Fall,5.996452088619021,2,1,1
19622,"Austin-Round Rock, TX",11.0,True,Marquis Lakeline Station,Cedar Park,344,1012,0.056333333333333326,0.018199068483698472,151.0,6.0,Pre-GFC,Spring,5.840641657373398,0,0,1
34862,"Austin-Round Rock, TX",11.0,True,Marquis on Lakeline,Cedar Park,352,783,0.06633333333333334,0.0,-42.0,1.0,Recovery,Winter,5.863631175598097,3,1,1
53648,"Austin-Round Rock, TX",7.0,True,Marquis Soco,Far South Austin,140,903,0.09066666666666666,-0.0007085264628696435,176.0,2.0,Expansion,Winter,4.941642422609304,3,2,1
10252087,"Austin-Round Rock, TX",10.0,True,McCarty Commons,San Marcos,249,983,0.05733333333333334,0.0,374.0,,Expansion,Fall,5.517452896464707,2,2,1
26327,"Austin-Round Rock, TX",15.0,True,Midtown Commons at Crestview Station I,North Central Austin,316,798,,0.0,602.0,1.0,Recovery,Summer,5.755742213586912,1,1,1
35678,"Austin-Round Rock, TX",16.0,True,Midtown Commons at Crestview Station II,North Central Austin,246,769,0.0,0.0,564.5,1.0,Recovery,Spring,5.5053315359323625,0,1,1
19199,"Austin-Round Rock, TX",16.0,True,Mosaic at Mueller,East Austin,441,978,0.037,-0.006305929541046619,621.0,1.0,Recovery,Spring,6.089044875446846,0,1,1
42660,"Austin-Round Rock, TX",10.0,True,Muir Lake,Cedar Park,332,968,0.07433333333333332,0.0,338.5,1.0,Expansion,Winter,5.805134968916488,3,2,1
42276,"Austin-Round Rock, TX",16.0,True,Northshore Austin I,Downtown/University,439,1019,0.11599999999999999,0.0,1498.0,1.0,Expansion,Spring,6.0844994130751715,0,2,1
37339,"Austin-Round Rock, TX",6.0,True,Oaks at Tech Ridge,Pflugerville/Wells Branch,336,739,0.1446666666666667,0.0023653566229985498,-38.0,1.0,Recovery,Fall,5.817111159963204,2,1,1
71761,"Austin-Round Rock, TX",9.0,True,Oaks of Kyle,San Marcos,203,849,0.08866666666666667,-0.0014775413711584,170.0,3.0,Expansion,Fall,5.313205979041787,2,2,1
86203,"Austin-Round Rock, TX",18.0,True,Oaks on Marketplace,San Marcos,254,854,0.05133333333333332,0.0017135642135642157,246.0,2.0,Expansion,Fall,5.537334267018537,2,2,1
55187,"Austin-Round Rock, TX",15.0,True,Ocotillo,Southwest Austin,308,852,0.051666666666666666,-0.0007458789955214197,-37.0,3.0,Expansion,Fall,5.730099782973574,2,2,1
10253991,"Austin-Round Rock, TX",3.0,True,Oxford at Santa Clara,Pflugerville/Wells Branch,300,800,0.13333333333333333,0.0,40.0,1.0,Expansion,Winter,5.703782474656201,3,2,1
33780,"Austin-Round Rock, TX",5.0,True,Oxford at Tech Ridge,North Central Austin,256,866,0.138,-0.00275689223057644,175.0,1.0,Recovery,Summer,5.545177444479562,1,1,1
19831,"Austin-Round Rock, TX",7.0,True,Palm Valley Apartments,Round Rock/Georgetown,340,971,0.07366666666666667,0.010385453315766143,94.5,4.0,Recovery,Spring,5.8289456176102075,0,1,1
91026,"Austin-Round Rock, TX",13.0,True,Palo Verde,Southwest Austin,296,858,0.042666666666666665,-0.00454839874015437,-109.0,3.0,Expansion,Summer,5.69035945432406,1,2,1
53304,"Austin-Round Rock, TX",12.0,True,Parallax @ Georgetown,Round Rock/Georgetown,288,831,0.11699999999999999,-0.006867283950617284,0.0,3.0,Expansion,Spring,5.662960480135946,0,2,1
42348,"Austin-Round Rock, TX",19.0,True,Park at Crystal Falls I,Cedar Park,242,869,0.065,0.0028599105124775107,170.0,1.0,Expansion,Fall,5.488937726156687,2,2,1
71883,"Austin-Round Rock, TX",14.0,True,Park at Crystal Falls II,Cedar Park,237,868,0.05499999999999999,0.0008357477156229075,44.0,4.0,Expansion,Spring,5.4680601411351315,0,2,1
87856,"Austin-Round Rock, TX",17.0,True,Park Place at Loyola,East Austin,252,1015,0.04966666666666664,0.006624927198602235,169.0,7.0,Pre-GFC,Summer,5.529429087511423,1,0,1
10255506,"Austin-Round Rock, TX",,False,Parkside at Round Rock,Round Rock/Georgetown,432,933,0.10699999999999998,-0.0003067206824432095,108.0,,COVID,Summer,6.068425588244111,1,3,1
66015,"Austin-Round Rock, TX",4.0,True,Parkway Grande,San Marcos,192,834,0.10066666666666668,-0.041708043694141,18.5,1.0,Expansion,Summer,5.2574953720277815,1,2,1
19952,"Austin-Round Rock, TX",12.0,True,Parmer Place,East Austin,290,1123,0.06666666666666667,0.0035885183488327914,411.0,4.0,Pre-GFC,Summer,5.66988092298052,1,0,1
59700,"Austin-Round Rock, TX",17.0,True,Pearl Lantana,Southwest Austin,444,952,0.163,0.004431047936042489,87.5,5.0,Expansion,Summer,6.095824562432225,1,2,1
71006,"Austin-Round Rock, TX",14.0,True,Platform,East Austin,355,829,0.044000000000000004,-0.001036711985344971,495.0,1.0,Expansion,Fall,5.872117789475416,2,2,1
10262644,"Austin-Round Rock, TX",,False,Platform II,East Austin,202,824,0.074,-0.0401769517291036,339.0,,COVID,Summer,5.308267697401205,1,3,1
90351,"Austin-Round Rock, TX",9.0,True,Plum Creek Vue,San Marcos,180,913,0.10933333333333332,-0.008421363934625944,180.0,2.0,Expansion,Summer,5.19295685089021,1,2,1
34865,"Austin-Round Rock, TX",10.0,True,Post South Lamar I,South Austin,298,853,0.043666666666666666,0.0003338898163605999,644.5,1.0,Recovery,Fall,5.697093486505405,2,1,1
48351,"Austin-Round Rock, TX",14.0,True,Post South Lamar II,South Austin,344,734,0.068,-0.00038419699135471393,410.0,2.0,Expansion,Summer,5.840641657373398,1,2,1
26425,"Austin-Round Rock, TX",7.0,True,Post West Austin,Near North Austin,329,889,0.057666666666666665,5.152187872185997e-05,418.5,1.0,Recovery,Winter,5.796057750765372,3,1,1
75981,"Austin-Round Rock, TX",,False,Presidium at The Pecan District,Pflugerville/Wells Branch,272,778,0.039999999999999994,0.03182150799913949,-4.0,,COVID,Summer,5.605802066295998,1,3,1
19639,"Austin-Round Rock, TX",3.0,True,Pressler,Downtown/University,168,903,0.05766666666666668,0.025447773261810264,289.0,3.0,Recovery,Winter,5.123963979403259,3,1,1
42127,"Austin-Round Rock, TX",13.0,True,Promesa,Far West Austin,271,973,0.0023333333333333353,0.0,350.0,1.0,Recovery,Spring,5.602118820879701,0,1,1
71727,"Austin-Round Rock, TX",1.0,True,Provenza At Plum Creek,San Marcos,180,839,0.08333333333333333,0.0,119.0,1.0,Expansion,Summer,5.19295685089021,1,2,1
86449,"Austin-Round Rock, TX",,False,Quest,Cedar Park,333,810,0.034999999999999996,-0.005303042549713768,132.0,,COVID,Summer,5.808142489980444,1,3,1
64183,"Austin-Round Rock, TX",15.0,True,Radius on Grove,Riverside,156,1095,0.05566666666666667,-0.00557103064066852,253.5,4.0,Expansion,Spring,5.049856007249537,0,2,1
52349,"Austin-Round Rock, TX",13.0,True,Regal Parc II,Cedar Park,123,972,0.026999999999999996,-2.6688053476566264e-19,154.0,7.0,Expansion,Fall,4.812184355372417,2,2,1
82462,"Austin-Round Rock, TX",,False,Residences at Saltillo,East Austin,703,781,0.08633333333333333,0.006914630328769031,722.0,,Expansion,Summer,6.555356891810665,1,2,1
57043,"Austin-Round Rock, TX",21.0,True,Retreat at Wolf Ranch,Round Rock/Georgetown,325,927,0.022000000000000002,0.003605340187049328,306.0,2.0,Expansion,Winter,5.783825182329737,3,2,1
10253505,"Austin-Round Rock, TX",,False,Rhythm,Cedar Park,262,831,0.10300000000000001,0.00030042429307809704,69.0,,COVID,Summer,5.568344503761097,1,3,1
37912,"Austin-Round Rock, TX",16.0,True,RiverView,Riverside,302,925,0.09733333333333333,0.0002830900855561175,1654.0,1.0,Recovery,Summer,5.71042701737487,1,1,1
43630,"Austin-Round Rock, TX",19.0,True,Sabina Apartments,Downtown/University,298,832,0.030333333333333334,6.379585326953697e-05,-63.0,6.0,Expansion,Winter,5.697093486505405,3,2,1
76210,"Austin-Round Rock, TX",20.0,True,Sadler House,San Marcos,240,872,0.02766666666666667,0.00043478260869564964,215.0,4.0,Expansion,Fall,5.480638923341991,2,2,1
36130,"Austin-Round Rock, TX",7.0,True,Seven,Downtown/University,220,924,0.08933333333333332,0.0017109287785979585,838.0,1.0,Expansion,Spring,5.393627546352362,0,2,1
38748,"Austin-Round Rock, TX",10.0,True,Silverado Crossing,San Marcos,300,852,0.07666666666666666,0.0,152.5,2.0,Recovery,Spring,5.703782474656201,0,1,1
41329,"Austin-Round Rock, TX",17.0,True,Skyhouse Austin,Downtown/University,320,791,0.06366666666666666,-0.0005230245514687764,214.5,1.0,Recovery,Winter,5.768320995793772,3,1,1
10252263,"Austin-Round Rock, TX",,False,Society SoCo,Far South Austin,262,757,0.033999999999999996,-0.0002545134302070068,66.5,,COVID,Summer,5.568344503761097,1,3,1
35835,"Austin-Round Rock, TX",24.0,True,South Shore District I,Riverside,250,916,0.048999999999999995,0.00140924464487035,821.5,1.0,Recovery,Summer,5.521460917862246,1,1,1
42066,"Austin-Round Rock, TX",16.0,True,South Shore District II,Riverside,162,1035,0.05766666666666667,-0.0026028277634961433,1000.0,1.0,Expansion,Spring,5.087596335232384,0,2,1
50271,"Austin-Round Rock, TX",12.0,True,South Shore District III,Riverside,94,885,0.13466666666666668,0.0011105920754793167,736.0,1.0,Expansion,Summer,4.543294782270004,1,2,1
71766,"Austin-Round Rock, TX",11.0,True,Southpark Crossing,Southeast Austin,308,801,0.06933333333333333,0.0037186486272648184,79.5,2.0,Expansion,Fall,5.730099782973574,2,2,1
76064,"Austin-Round Rock, TX",19.0,True,Springs at Lakeline,Northwest Austin,328,975,0.013999999999999999,0.0032951160061388475,180.0,8.0,Expansion,Summer,5.793013608384144,1,2,1
76059,"Austin-Round Rock, TX",15.0,True,Springs at Round Rock,Round Rock/Georgetown,260,977,0.03333333333333333,0.005804311774461027,150.0,6.0,Expansion,Spring,5.560681631015528,0,2,1
10251497,"Austin-Round Rock, TX",15.0,True,Springs at Sunfield,San Marcos,256,965,0.044333333333333336,-0.0017880383476770534,234.0,3.0,Expansion,Summer,5.545177444479562,1,2,1
10252391,"Austin-Round Rock, TX",,False,St Johns West,North Central Austin,297,739,0.08850000000000002,0.05649181765049685,346.0,,COVID,Summer,5.6937321388027,1,3,1
71887,"Austin-Round Rock, TX",8.0,True,Still Waters,Southeast Austin,512,919,0.03333333333333336,-0.0004015972986244499,-1.0,5.0,Expansion,Summer,6.238324625039508,1,2,1
10255590,"Austin-Round Rock, TX",10.0,True,Stone Hill,Pflugerville/Wells Branch,300,905,0.14533333333333334,0.00015302218821728898,63.0,2.0,Expansion,Summer,5.703782474656201,1,2,1
44692,"Austin-Round Rock, TX",18.0,True,Sur512,Far South Austin,352,895,0.05466666666666667,9.500655925285016e-05,322.0,1.0,Expansion,Spring,5.863631175598097,0,2,1
34863,"Austin-Round Rock, TX",17.0,True,Sync at Mueller,East Austin,300,922,0.04566666666666666,0.0,929.5,1.0,Recovery,Winter,5.703782474656201,3,1,1
45203,"Austin-Round Rock, TX",9.0,True,Sync at Purgatory Creek,San Marcos,286,961,0.014333333333333345,0.0,385.0,1.0,Recovery,Winter,5.655991810819852,3,1,1
65660,"Austin-Round Rock, TX",13.0,True,Tacara at Steiner Ranch,Far West Austin,246,961,0.046000000000000006,0.0,351.0,1.0,Expansion,Spring,5.5053315359323625,0,2,1
37334,"Austin-Round Rock, TX",6.0,True,Ten Oaks,North Central Austin,192,946,0.11266666666666668,0.0,318.0,1.0,Recovery,Winter,5.2574953720277815,3,1,1
90985,"Austin-Round Rock, TX",17.0,True,Terra,Southeast Austin,372,955,0.0,0.001505166381905459,273.0,2.0,Expansion,Spring,5.918893854273146,0,2,1
42567,"Austin-Round Rock, TX",19.0,True,The 704,South Austin,378,854,0.03766666666666667,0.005514705882352947,506.5,4.0,Recovery,Fall,5.934894195619588,2,1,1
38382,"Austin-Round Rock, TX",22.0,True,The Addison at Kramer Station,North Central Austin,388,904,0.05333333333333332,-0.003579098067287041,554.0,1.0,Expansion,Spring,5.961005339623274,0,2,1
10253994,"Austin-Round Rock, TX",,False,The Alden at Cedar Park,Cedar Park,349,902,0.037,0.002572156969862512,163.0,,COVID,Winter,5.855071922202427,3,3,1
44404,"Austin-Round Rock, TX",13.0,True,The Allure,Cedar Park,334,962,0.039,0.0,435.0,1.0,Recovery,Winter,5.811140992976701,3,1,1
56174,"Austin-Round Rock, TX",24.0,True,The Arnold,East Austin,346,771,0.015666666666666666,-0.0006907792103840292,1047.5,1.0,Expansion,Summer,5.846438775057725,1,2,1
34006,"Austin-Round Rock, TX",9.0,True,The Asten at Ribelin Ranch,Far West Austin,350,979,0.05233333333333334,0.0019718032140392232,206.5,1.0,Recovery,Fall,5.857933154483459,2,1,1
19869,"Austin-Round Rock, TX",10.0,True,The Beverly,Downtown/University,120,1047,0.06933333333333332,-0.004003370245546459,524.0,5.0,Pre-GFC,Summer,4.787491742782046,1,0,1
37790,"Austin-Round Rock, TX",24.0,True,The Bowie,Downtown/University,358,1010,0.05400000000000001,0.0034794971565399583,1386.5,1.0,Expansion,Spring,5.8805329864007,0,2,1
10253936,"Austin-Round Rock, TX",,False,The Braxton,Near North Austin,52,811,0.05766666666666668,0.001788650625859933,795.0,,Expansion,Winter,3.9512437185814275,3,2,1
19839,"Austin-Round Rock, TX",11.0,True,The Bridge at Centeridge,North Central Austin,348,793,0.08033333333333333,0.016500262743037272,200.0,4.0,Pre-GFC,Summer,5.8522024797744745,1,0,1
10253094,"Austin-Round Rock, TX",,False,The Carroll at Rivery Ranch,Round Rock/Georgetown,360,921,0.02333333333333333,-0.00017871686756245567,88.5,,Expansion,Spring,5.886104031450156,0,2,1
42336,"Austin-Round Rock, TX",16.0,True,The Catherine,South Austin,300,897,0.03666666666666667,-0.004271844660194175,1140.0,1.0,Expansion,Winter,5.703782474656201,3,2,1
85403,"Austin-Round Rock, TX",,False,The Clark,Downtown/University,226,876,0.11966666666666666,-1.2755319676300052e-20,783.0,1.0,Expansion,Spring,5.420534999272286,0,2,1
10254371,"Austin-Round Rock, TX",,False,The Conley,Cedar Park,259,929,0.04999999999999999,0.0,-85.0,,COVID,Summer,5.556828061699537,1,3,1
90771,"Austin-Round Rock, TX",,False,The Copeland,North Central Austin,328,748,0.10666666666666665,-0.005569205569205574,465.0,,Expansion,Summer,5.793013608384144,1,2,1
65886,"Austin-Round Rock, TX",5.0,True,The Corner,Downtown/University,63,1330,0.0,0.007093096896770119,1268.0,2.0,Expansion,Spring,4.143134726391533,0,2,1
20697,"Austin-Round Rock, TX",18.0,True,The Cove at Saddle Creek,Far South Austin,208,787,0.06566666666666666,0.0092282918369875,0.0,3.0,Pre-GFC,Fall,5.337538079701318,2,0,1
35750,"Austin-Round Rock, TX",14.0,True,The Davis SoCo,South Austin,375,975,0.06433333333333334,0.006101173019459499,657.0,2.0,Pre-GFC,Summer,5.926926025970411,1,0,1
92221,"Austin-Round Rock, TX",,False,The Elizabeth at Presidio,Cedar Park,373,1020,0.036,-0.001316268699143666,455.0,,Expansion,Winter,5.921578419643816,3,2,1
52348,"Austin-Round Rock, TX",17.0,True,The Emerson,Pflugerville/Wells Branch,384,941,0.018,-2.0408511482080083e-19,93.0,4.0,Expansion,Spring,5.950642552587727,0,2,1
65404,"Austin-Round Rock, TX",12.0,True,The Fairways at Star Ranch,Round Rock/Georgetown,396,1034,0.11099999999999999,-0.00897533589461246,173.0,3.0,Recovery,Fall,5.981414211254481,2,1,1
10252089,"Austin-Round Rock, TX",14.0,True,The Fitzroy San Marcos,San Marcos,176,875,0.08133333333333333,0.0,250.0,,Expansion,Summer,5.170483995038151,1,2,1
10251563,"Austin-Round Rock, TX",,False,The Flats at Shadowglen,East Austin,248,844,0.106,0.004006410256410266,-2.0,,COVID,Spring,5.5134287461649825,0,3,1
91019,"Austin-Round Rock, TX",,False,The Grand at the Domain,North Central Austin,180,928,0.02566666666666666,-0.006659112605914487,1186.0,,COVID,Winter,5.19295685089021,3,3,1
69751,"Austin-Round Rock, TX",5.0,True,The Green at Plum Creek,San Marcos,246,838,0.01366666666666668,0.0,343.5,1.0,Expansion,Winter,5.5053315359323625,3,2,1
88636,"Austin-Round Rock, TX",8.0,True,The Guthrie,East Austin,322,735,0.058666666666666666,-0.0015122400790304382,443.0,2.0,Expansion,Winter,5.7745515455444085,3,2,1
88543,"Austin-Round Rock, TX",5.0,True,The Heights on Parmer,North Central Austin,282,841,-0.028666666666666656,0.0,-43.0,7.0,Expansion,Winter,5.641907070938114,3,2,1
77756,"Austin-Round Rock, TX",11.0,True,The Highlands,Pflugerville/Wells Branch,292,857,0.071,0.007582139848357209,45.0,3.0,Expansion,Winter,5.676753802268282,3,2,1
42323,"Austin-Round Rock, TX",10.0,True,The Landing Double Creek,Far South Austin,293,831,0.1466666666666667,-0.0015519100332048899,66.5,2.0,Recovery,Spring,5.680172609017068,0,1,1
42292,"Austin-Round Rock, TX",7.0,True,The M at Lakeline,Cedar Park,374,1163,0.11233333333333334,0.0,491.0,1.0,Expansion,Spring,5.924255797414532,0,2,1
10253142,"Austin-Round Rock, TX",,False,The Magnolia at Crestview,Near North Austin,226,893,0.016333333333333335,0.010297024363278399,405.0,,COVID,Spring,5.420534999272286,0,3,1
19963,"Austin-Round Rock, TX",31.0,True,The Marquis at Brushy Creek,Cedar Park,360,977,0.03966666666666666,0.0030373754704156775,69.0,5.0,Pre-GFC,Fall,5.886104031450156,2,0,1
66282,"Austin-Round Rock, TX",21.0,True,The Michael at Presidio,Cedar Park,415,892,0.037,-0.00019021002776759992,152.0,1.0,Expansion,Fall,6.028278520230698,2,2,1
19152,"Austin-Round Rock, TX",14.0,True,The Monarch by Windsor,Downtown/University,305,1265,0.083,0.001276040121075436,1408.0,5.0,Pre-GFC,Spring,5.720311776607412,0,0,1
42760,"Austin-Round Rock, TX",9.0,True,The Monterra Apartments,Northwest Austin,255,882,0.06033333333333334,0.0,88.5,3.0,Recovery,Fall,5.541263545158426,2,1,1
10253992,"Austin-Round Rock, TX",11.0,True,The Park at Estancia,Southeast Austin,320,878,0.10066666666666667,-0.0005765324731640454,115.0,2.0,Expansion,Summer,5.768320995793772,1,2,1
10253290,"Austin-Round Rock, TX",11.0,True,The Ridge at Headwaters,Southwest Austin,168,880,0.09499999999999999,0.0,-16.0,4.0,Expansion,Summer,5.123963979403259,1,2,1
82343,"Austin-Round Rock, TX",,False,The Saint Mary,Southwest Austin,240,1003,0.12066666666666666,0.000261816959916,-51.0,,Expansion,Summer,5.480638923341991,1,2,1
56838,"Austin-Round Rock, TX",7.0,True,The Santal I,Southwest Austin,236,982,0.10866666666666668,0.01330494944119213,351.5,1.0,Expansion,Summer,5.4638318050256105,1,2,1
82277,"Austin-Round Rock, TX",8.0,True,The Santal II,Southwest Austin,212,988,0.03933333333333334,-0.0033131633171238134,208.0,4.0,Expansion,Fall,5.356586274672012,2,2,1
10251501,"Austin-Round Rock, TX",9.0,True,The Sarah,Cedar Park,270,997,0.07433333333333335,-0.014476614699331888,-95.0,5.0,Expansion,Fall,5.598421958998375,2,2,1
34301,"Austin-Round Rock, TX",10.0,True,The Settlement,San Marcos,396,747,0.02366666666666667,-0.008078355812459881,43.0,3.0,Recovery,Fall,5.981414211254481,2,1,1
71772,"Austin-Round Rock, TX",5.0,True,The Standard at Domain North Side,North Central Austin,563,794,0.12333333333333335,-0.0166992824527071,486.0,1.0,Expansion,Summer,6.333279628139691,1,2,1
66304,"Austin-Round Rock, TX",11.0,True,The Standard at Leander Station,Cedar Park,225,858,0.13199999999999998,0.007582205029013545,-65.0,4.0,Expansion,Spring,5.41610040220442,0,2,1
55211,"Austin-Round Rock, TX",14.0,True,The Summit at Rivery Park I,Round Rock/Georgetown,228,817,0.06,0.0,128.5,1.0,Expansion,Spring,5.429345628954441,0,2,1
71824,"Austin-Round Rock, TX",23.0,True,The View at Cedar Park,Cedar Park,166,911,0.015999999999999997,-0.0020949241019300735,56.0,2.0,Expansion,Summer,5.111987788356544,1,2,1
13268,"Austin-Round Rock, TX",19.0,True,The Villas of Cordoba,Southeast Austin,156,1102,0.0,0.0,-76.0,9.0,Pre-GFC,Spring,5.049856007249537,0,0,1
10262830,"Austin-Round Rock, TX",,False,The Vineyard,Pflugerville/Wells Branch,468,746,0.0715,9.44733112896029e-05,0.0,,COVID,Summer,6.148468295917647,1,3,1
10261718,"Austin-Round Rock, TX",,False,The Weaver,East Austin,250,746,0.004,-0.0003263307201319954,496.0,,COVID,Summer,5.521460917862246,1,3,1
54780,"Austin-Round Rock, TX",17.0,True,Thornton Flats,South Austin,104,868,0.08966666666666667,-0.0008973859457666232,131.5,6.0,Expansion,Winter,4.6443908991413725,3,2,1
10253948,"Austin-Round Rock, TX",,False,Trailside Oaks,Cedar Park,105,1258,0.038,-0.001887959319090099,151.0,,Expansion,Fall,4.653960350157523,2,2,1
91020,"Austin-Round Rock, TX",7.0,True,Travis at The Lake,Far West Austin,312,950,0.12200000000000001,0.0015527950310559144,312.0,1.0,Expansion,Spring,5.7430031878094825,0,2,1
35623,"Austin-Round Rock, TX",15.0,True,Tree Apartments,South Austin,335,823,0.03766666666666667,-0.00020068779508590576,383.0,3.0,Recovery,Summer,5.814130531825066,1,1,1
71817,"Austin-Round Rock, TX",7.0,True,Trillium Terrace,Far South Austin,168,819,0.10133333333333333,0.0,75.0,1.0,Expansion,Winter,5.123963979403259,3,2,1
35681,"Austin-Round Rock, TX",7.0,True,Two Rivers,Round Rock/Georgetown,179,984,0.05233333333333332,0.0,471.0,1.0,Recovery,Winter,5.187385805840755,3,1,1
71821,"Austin-Round Rock, TX",15.0,True,Urban North,Northwest Austin,179,768,0.03366666666666667,0.003088962490080453,167.5,1.0,Expansion,Spring,5.187385805840755,0,2,1
10260384,"Austin-Round Rock, TX",,False,Urbana at Goodnight Ranch,Southeast Austin,150,961,0.171,0.017867341111201716,465.0,,COVID,Winter,5.0106352940962555,3,3,1
23047,"Austin-Round Rock, TX",6.0,True,Villages At The Domain,North Central Austin,444,888,0.11799999999999998,0.006406529752501317,586.0,1.0,Recovery,Spring,6.095824562432225,0,1,1
26336,"Austin-Round Rock, TX",8.0,True,Villages at Turtle Rock,Northwest Austin,356,866,0.023333333333333334,0.007055503292568127,121.5,4.0,Recovery,Winter,5.87493073085203,3,1,1
91636,"Austin-Round Rock, TX",18.0,True,Villages of Georgetown,Round Rock/Georgetown,438,1075,0.011999999999999999,-0.0010485260264382484,451.5,1.0,Expansion,Spring,6.082218910376446,0,2,1
52347,"Austin-Round Rock, TX",12.0,True,Villas at Spring Trails I,Pflugerville/Wells Branch,270,937,0.057999999999999996,0.0,107.5,4.0,Expansion,Spring,5.598421958998375,0,2,1
30455,"Austin-Round Rock, TX",15.0,True,Villas at Tech Ridge,Pflugerville/Wells Branch,350,976,0.02533333333333332,0.013472485768500934,452.0,3.0,Recovery,Spring,5.857933154483459,0,1,1
34304,"Austin-Round Rock, TX",4.0,True,Vista at Plum Creek,San Marcos,264,883,0.05933333333333335,-0.00688775510204075,79.5,3.0,Recovery,Fall,5.575949103146316,2,1,1
53652,"Austin-Round Rock, TX",8.0,True,Waller Creekside on 51st,Near North Austin,139,799,0.09599999999999999,0.009113634202769927,371.5,2.0,Expansion,Spring,4.9344739331306915,0,2,1
82292,"Austin-Round Rock, TX",14.0,True,Walnut Park,North Central Austin,277,978,0.07233333333333333,1.2390881971262907e-19,503.5,3.0,Expansion,Summer,5.6240175061873385,1,2,1
62303,"Austin-Round Rock, TX",14.0,True,Walnut Ridge Phase I & II,Southeast Austin,200,940,0.026666666666666655,0.002701789935832464,48.0,3.0,Recovery,Spring,5.298317366548036,0,1,1
51952,"Austin-Round Rock, TX",11.0,True,Water Marq,South Austin,264,1021,0.05033333333333334,0.0021699819168173543,1467.0,1.0,Expansion,Fall,5.575949103146316,2,2,1
82396,"Austin-Round Rock, TX",5.0,True,Wells Junction,Pflugerville/Wells Branch,264,795,0.15033333333333335,-1.0408340855860842e-18,112.0,1.0,Expansion,Spring,5.575949103146316,0,2,1
65698,"Austin-Round Rock, TX",10.0,True,West Koenig Flats,Near North Austin,210,931,0.06033333333333333,-0.007977461409282237,507.0,1.0,Expansion,Fall,5.3471075307174685,2,2,1
20173,"Austin-Round Rock, TX",17.0,True,West Lake Vistas,Far West Austin,334,1032,0.03266666666666666,0.0017200200435675877,530.0,1.0,Pre-GFC,Fall,5.811140992976701,2,0,1
36486,"Austin-Round Rock, TX",22.0,True,Westerly 360,Southwest Austin,189,991,0.010666666666666666,-0.002222449823013318,714.0,1.0,Expansion,Winter,5.241747015059643,3,2,1
10255623,"Austin-Round Rock, TX",,False,Whitestone Crossing,Cedar Park,120,928,,,-46.5,,COVID,Fall,4.787491742782046,2,3,1
37782,"Austin-Round Rock, TX",10.0,True,Whitley Apartments,Downtown/University,268,886,0.09700000000000002,0.0,813.5,1.0,Recovery,Spring,5.5909869805108565,0,1,1
82341,"Austin-Round Rock, TX",10.0,True,Windsor Burnet,North Central Austin,352,893,0.07100000000000001,-0.0029727973050212297,578.0,1.0,Expansion,Winter,5.863631175598097,3,2,1
82555,"Austin-Round Rock, TX",13.0,True,Windsor Lantana Hills,Southwest Austin,300,955,0.06666666666666667,-0.008416782610330992,-15.5,4.0,Expansion,Winter,5.703782474656201,3,2,1
90988,"Austin-Round Rock, TX",11.0,True,Windsor Oak Hill,Southwest Austin,370,943,0.08966666666666667,0.0023201124523638083,166.5,3.0,Expansion,Summer,5.91350300563827,1,2,1
19876,"Austin-Round Rock, TX",8.0,True,Windsor On The Lake,Downtown/University,187,1131,0.105,-0.001557647424533376,437.5,4.0,Recovery,Winter,5.231108616854587,3,1,1
71889,"Austin-Round Rock, TX",16.0,True,Windsor Republic Place,Northwest Austin,290,955,0.04499999999999999,0.0025536703601108063,215.0,1.0,Expansion,Winter,5.66988092298052,3,2,1
41311,"Austin-Round Rock, TX",18.0,True,Windsor South Lamar,South Austin,340,905,0.04933333333333333,0.005050196042977033,913.5,3.0,Expansion,Fall,5.8289456176102075,2,2,1
79577,"Austin-Round Rock, TX",8.0,True,Woodcreek Apartments,San Marcos,72,935,0.12966666666666668,0.0,227.0,3.0,Expansion,Spring,4.276666119016055,0,2,1
10258733,"Akron, OH",,False,797 Residence & Suites,South Summit County,60,959,0.0,0.07193950541590033,274.0,,COVID,Summer,4.0943445622221,1,3,0
87610,"Akron, OH",,False,Bowery District,South Summit County,92,897,0.06866666666666667,-0.006614203479159867,807.0,,COVID,Spring,4.5217885770490405,0,3,0
47913,"Akron, OH",12.0,True,Colony Hills,South Summit County,40,1183,0.08333333333333333,0.0,385.0,5.0,Expansion,Fall,3.6888794541139363,2,2,0
92308,"Akron, OH",,False,Copper Creek,Kent/Portage County,182,1012,0.05299999999999999,0.0,347.0,,Expansion,Spring,5.204006687076795,0,2,0
51333,"Akron, OH",4.0,True,East End Residences,South Summit County,105,842,0.016000000000000014,0.0,525.0,1.0,Expansion,Winter,4.653960350157523,3,2,0
